index,depth,label,chunk,source,set,known
0,3.0,3.1,MA_chunk_data/SVID/5cm/chunks/%toc/chunk_0.jpg,SVID,Train,True
1,4.0,3.1,MA_chunk_data/SVID/5cm/chunks/%toc/chunk_1.jpg,SVID,Train,True
2,5.0,3.0,MA_chunk_data/SVID/5cm/chunks/%toc/chunk_2.jpg,SVID,Train,True
3,6.0,2.9,MA_chunk_data/SVID/5cm/chunks/%toc/chunk_3.jpg,SVID,Train,True
4,7.0,2.9,MA_chunk_data/SVID/5cm/chunks/%toc/chunk_4.jpg,SVID,Train,True
5,8.0,2.9,MA_chunk_data/SVID/5cm/chunks/%toc/chunk_5.jpg,SVID,Train,True
6,9.0,3.0,MA_chunk_data/SVID/5cm/chunks/%toc/chunk_6.jpg,SVID,Train,True
7,10.0,3.1,MA_chunk_data/SVID/5cm/chunks/%toc/chunk_7.jpg,SVID,Train,True
8,11.0,3.1,MA_chunk_data/SVID/5cm/chunks/%toc/chunk_8.jpg,SVID,Train,True
9,12.0,3.1,MA_chunk_data/SVID/5cm/chunks/%toc/chunk_9.jpg,SVID,Train,True
10,13.0,3.1,MA_chunk_data/SVID/5cm/chunks/%toc/chunk_10.jpg,SVID,Train,True
11,14.0,3.1,MA_chunk_data/SVID/5cm/chunks/%toc/chunk_11.jpg,SVID,Train,True
12,15.0,3.1,MA_chunk_data/SVID/5cm/chunks/%toc/chunk_12.jpg,SVID,Train,True
13,16.0,3.1,MA_chunk_data/SVID/5cm/chunks/%toc/chunk_13.jpg,SVID,Train,True
14,17.0,3.05,MA_chunk_data/SVID/5cm/chunks/%toc/chunk_14.jpg,SVID,Train,True
15,18.0,3.0,MA_chunk_data/SVID/5cm/chunks/%toc/chunk_15.jpg,SVID,Train,True
16,19.0,3.0,MA_chunk_data/SVID/5cm/chunks/%toc/chunk_16.jpg,SVID,Train,True
17,20.0,3.0,MA_chunk_data/SVID/5cm/chunks/%toc/chunk_17.jpg,SVID,Train,True
18,21.0,2.8,MA_chunk_data/SVID/5cm/chunks/%toc/chunk_18.jpg,SVID,Train,True
19,22.0,2.6,MA_chunk_data/SVID/5cm/chunks/%toc/chunk_19.jpg,SVID,Train,True
20,23.0,2.6,MA_chunk_data/SVID/5cm/chunks/%toc/chunk_20.jpg,SVID,Train,True
21,24.0,2.6,MA_chunk_data/SVID/5cm/chunks/%toc/chunk_21.jpg,SVID,Train,True
22,25.0,2.6500000000000004,MA_chunk_data/SVID/5cm/chunks/%toc/chunk_22.jpg,SVID,Train,True
23,26.0,2.7,MA_chunk_data/SVID/5cm/chunks/%toc/chunk_23.jpg,SVID,Train,True
24,27.0,2.7,MA_chunk_data/SVID/5cm/chunks/%toc/chunk_24.jpg,SVID,Train,True
25,28.0,2.7,MA_chunk_data/SVID/5cm/chunks/%toc/chunk_25.jpg,SVID,Train,True
26,29.0,2.7,MA_chunk_data/SVID/5cm/chunks/%toc/chunk_26.jpg,SVID,Train,True
27,30.0,2.7,MA_chunk_data/SVID/5cm/chunks/%toc/chunk_27.jpg,SVID,Train,True
28,31.0,2.7,MA_chunk_data/SVID/5cm/chunks/%toc/chunk_28.jpg,SVID,Train,True
29,32.0,2.7,MA_chunk_data/SVID/5cm/chunks/%toc/chunk_29.jpg,SVID,Train,True
30,33.0,2.9000000000000004,MA_chunk_data/SVID/5cm/chunks/%toc/chunk_30.jpg,SVID,Train,True
31,34.0,3.1,MA_chunk_data/SVID/5cm/chunks/%toc/chunk_31.jpg,SVID,Train,True
32,35.0,3.1,MA_chunk_data/SVID/5cm/chunks/%toc/chunk_32.jpg,SVID,Train,True
33,36.0,3.1,MA_chunk_data/SVID/5cm/chunks/%toc/chunk_33.jpg,SVID,Train,True
34,37.0,2.8,MA_chunk_data/SVID/5cm/chunks/%toc/chunk_34.jpg,SVID,Train,True
35,38.0,2.5,MA_chunk_data/SVID/5cm/chunks/%toc/chunk_35.jpg,SVID,Train,True
36,39.0,2.5,MA_chunk_data/SVID/5cm/chunks/%toc/chunk_36.jpg,SVID,Train,True
37,40.0,2.5,MA_chunk_data/SVID/5cm/chunks/%toc/chunk_37.jpg,SVID,Train,True
38,41.0,2.7,MA_chunk_data/SVID/5cm/chunks/%toc/chunk_38.jpg,SVID,Train,True
39,42.0,2.9,MA_chunk_data/SVID/5cm/chunks/%toc/chunk_39.jpg,SVID,Train,True
40,43.0,2.9,MA_chunk_data/SVID/5cm/chunks/%toc/chunk_40.jpg,SVID,Train,True
41,44.0,2.9,MA_chunk_data/SVID/5cm/chunks/%toc/chunk_41.jpg,SVID,Train,True
42,45.0,2.8,MA_chunk_data/SVID/5cm/chunks/%toc/chunk_42.jpg,SVID,Train,True
43,46.0,2.7,MA_chunk_data/SVID/5cm/chunks/%toc/chunk_43.jpg,SVID,Train,True
44,47.0,2.7,MA_chunk_data/SVID/5cm/chunks/%toc/chunk_44.jpg,SVID,Train,True
45,52.0,2.6,MA_chunk_data/SVID/5cm/chunks/%toc/chunk_45.jpg,SVID,Test,True
46,53.0,2.6,MA_chunk_data/SVID/5cm/chunks/%toc/chunk_46.jpg,SVID,Test,True
47,54.0,,MA_chunk_data/SVID/5cm/chunks/%toc/chunk_47.jpg,SVID,Test,False
48,55.0,,MA_chunk_data/SVID/5cm/chunks/%toc/chunk_48.jpg,SVID,Test,False
49,56.0,,MA_chunk_data/SVID/5cm/chunks/%toc/chunk_49.jpg,SVID,Test,False
50,57.0,2.1,MA_chunk_data/SVID/5cm/chunks/%toc/chunk_50.jpg,SVID,Test,True
51,62.0,2.7,MA_chunk_data/SVID/5cm/chunks/%toc/chunk_51.jpg,SVID,Train,True
52,63.0,2.7,MA_chunk_data/SVID/5cm/chunks/%toc/chunk_52.jpg,SVID,Train,True
53,64.0,2.7,MA_chunk_data/SVID/5cm/chunks/%toc/chunk_53.jpg,SVID,Train,True
54,65.0,2.25,MA_chunk_data/SVID/5cm/chunks/%toc/chunk_54.jpg,SVID,Train,True
55,66.0,1.8,MA_chunk_data/SVID/5cm/chunks/%toc/chunk_55.jpg,SVID,Train,True
56,67.0,1.8,MA_chunk_data/SVID/5cm/chunks/%toc/chunk_56.jpg,SVID,Train,True
57,72.0,3.0,MA_chunk_data/SVID/5cm/chunks/%toc/chunk_57.jpg,SVID,Test,True
58,73.0,2.8,MA_chunk_data/SVID/5cm/chunks/%toc/chunk_58.jpg,SVID,Test,True
59,74.0,2.6,MA_chunk_data/SVID/5cm/chunks/%toc/chunk_59.jpg,SVID,Test,True
60,75.0,2.6,MA_chunk_data/SVID/5cm/chunks/%toc/chunk_60.jpg,SVID,Test,True
61,76.0,2.6,MA_chunk_data/SVID/5cm/chunks/%toc/chunk_61.jpg,SVID,Test,True
62,77.0,2.6500000000000004,MA_chunk_data/SVID/5cm/chunks/%toc/chunk_62.jpg,SVID,Test,True
63,82.0,2.9,MA_chunk_data/SVID/5cm/chunks/%toc/chunk_63.jpg,SVID,Train,True
64,83.0,2.9,MA_chunk_data/SVID/5cm/chunks/%toc/chunk_64.jpg,SVID,Train,True
65,84.0,2.9,MA_chunk_data/SVID/5cm/chunks/%toc/chunk_65.jpg,SVID,Train,True
66,85.0,2.8,MA_chunk_data/SVID/5cm/chunks/%toc/chunk_66.jpg,SVID,Train,True
67,86.0,2.7,MA_chunk_data/SVID/5cm/chunks/%toc/chunk_67.jpg,SVID,Train,True
68,87.0,2.7,MA_chunk_data/SVID/5cm/chunks/%toc/chunk_68.jpg,SVID,Train,True
69,88.0,2.7,MA_chunk_data/SVID/5cm/chunks/%toc/chunk_69.jpg,SVID,Train,True
70,89.0,2.6500000000000004,MA_chunk_data/SVID/5cm/chunks/%toc/chunk_70.jpg,SVID,Train,True
71,90.0,2.6,MA_chunk_data/SVID/5cm/chunks/%toc/chunk_71.jpg,SVID,Train,True
72,91.0,2.6,MA_chunk_data/SVID/5cm/chunks/%toc/chunk_72.jpg,SVID,Train,True
73,92.0,2.6,MA_chunk_data/SVID/5cm/chunks/%toc/chunk_73.jpg,SVID,Train,True
74,93.0,2.55,MA_chunk_data/SVID/5cm/chunks/%toc/chunk_74.jpg,SVID,Train,True
75,94.0,2.5,MA_chunk_data/SVID/5cm/chunks/%toc/chunk_75.jpg,SVID,Train,True
76,95.0,2.5,MA_chunk_data/SVID/5cm/chunks/%toc/chunk_76.jpg,SVID,Train,True
77,96.0,2.5,MA_chunk_data/SVID/5cm/chunks/%toc/chunk_77.jpg,SVID,Train,True
78,97.0,2.25,MA_chunk_data/SVID/5cm/chunks/%toc/chunk_78.jpg,SVID,Train,True
79,98.0,2.0,MA_chunk_data/SVID/5cm/chunks/%toc/chunk_79.jpg,SVID,Train,True
80,99.0,2.0,MA_chunk_data/SVID/5cm/chunks/%toc/chunk_80.jpg,SVID,Train,True
81,100.0,2.0,MA_chunk_data/SVID/5cm/chunks/%toc/chunk_81.jpg,SVID,Train,True
82,101.0,2.0,MA_chunk_data/SVID/5cm/chunks/%toc/chunk_82.jpg,SVID,Train,True
83,102.0,,MA_chunk_data/SVID/5cm/chunks/%toc/chunk_83.jpg,SVID,Train,False
84,103.0,,MA_chunk_data/SVID/5cm/chunks/%toc/chunk_84.jpg,SVID,Train,False
85,104.0,,MA_chunk_data/SVID/5cm/chunks/%toc/chunk_85.jpg,SVID,Train,False
86,105.0,2.7,MA_chunk_data/SVID/5cm/chunks/%toc/chunk_86.jpg,SVID,Train,True
87,106.0,2.7,MA_chunk_data/SVID/5cm/chunks/%toc/chunk_87.jpg,SVID,Train,True
88,107.0,2.7,MA_chunk_data/SVID/5cm/chunks/%toc/chunk_88.jpg,SVID,Train,True
89,108.0,2.7,MA_chunk_data/SVID/5cm/chunks/%toc/chunk_89.jpg,SVID,Train,True
90,109.0,2.6500000000000004,MA_chunk_data/SVID/5cm/chunks/%toc/chunk_90.jpg,SVID,Train,True
91,110.0,2.6,MA_chunk_data/SVID/5cm/chunks/%toc/chunk_91.jpg,SVID,Train,True
92,111.0,2.6,MA_chunk_data/SVID/5cm/chunks/%toc/chunk_92.jpg,SVID,Train,True
93,112.0,2.6,MA_chunk_data/SVID/5cm/chunks/%toc/chunk_93.jpg,SVID,Train,True
94,113.0,2.6500000000000004,MA_chunk_data/SVID/5cm/chunks/%toc/chunk_94.jpg,SVID,Train,True
95,114.0,2.7,MA_chunk_data/SVID/5cm/chunks/%toc/chunk_95.jpg,SVID,Train,True
96,115.0,2.7,MA_chunk_data/SVID/5cm/chunks/%toc/chunk_96.jpg,SVID,Train,True
97,116.0,2.7,MA_chunk_data/SVID/5cm/chunks/%toc/chunk_97.jpg,SVID,Train,True
98,117.0,2.7,MA_chunk_data/SVID/5cm/chunks/%toc/chunk_98.jpg,SVID,Train,True
99,118.0,2.7,MA_chunk_data/SVID/5cm/chunks/%toc/chunk_99.jpg,SVID,Train,True
100,119.0,2.7,MA_chunk_data/SVID/5cm/chunks/%toc/chunk_100.jpg,SVID,Train,True
101,120.0,2.7,MA_chunk_data/SVID/5cm/chunks/%toc/chunk_101.jpg,SVID,Train,True
102,121.0,2.6500000000000004,MA_chunk_data/SVID/5cm/chunks/%toc/chunk_102.jpg,SVID,Train,True
103,122.0,2.6,MA_chunk_data/SVID/5cm/chunks/%toc/chunk_103.jpg,SVID,Train,True
104,123.0,2.6,MA_chunk_data/SVID/5cm/chunks/%toc/chunk_104.jpg,SVID,Train,True
105,124.0,2.6,MA_chunk_data/SVID/5cm/chunks/%toc/chunk_105.jpg,SVID,Train,True
106,125.0,2.75,MA_chunk_data/SVID/5cm/chunks/%toc/chunk_106.jpg,SVID,Train,True
107,126.0,2.9,MA_chunk_data/SVID/5cm/chunks/%toc/chunk_107.jpg,SVID,Train,True
108,127.0,2.9,MA_chunk_data/SVID/5cm/chunks/%toc/chunk_108.jpg,SVID,Train,True
109,128.0,2.9,MA_chunk_data/SVID/5cm/chunks/%toc/chunk_109.jpg,SVID,Train,True
110,129.0,2.8499999999999996,MA_chunk_data/SVID/5cm/chunks/%toc/chunk_110.jpg,SVID,Train,True
111,130.0,2.8,MA_chunk_data/SVID/5cm/chunks/%toc/chunk_111.jpg,SVID,Train,True
112,131.0,2.8,MA_chunk_data/SVID/5cm/chunks/%toc/chunk_112.jpg,SVID,Train,True
113,132.0,2.8,MA_chunk_data/SVID/5cm/chunks/%toc/chunk_113.jpg,SVID,Train,True
114,133.0,2.7,MA_chunk_data/SVID/5cm/chunks/%toc/chunk_114.jpg,SVID,Train,True
115,134.0,2.6,MA_chunk_data/SVID/5cm/chunks/%toc/chunk_115.jpg,SVID,Train,True
116,135.0,2.6,MA_chunk_data/SVID/5cm/chunks/%toc/chunk_116.jpg,SVID,Train,True
117,136.0,1.9,MA_chunk_data/SVID/5cm/chunks/%toc/chunk_117.jpg,SVID,Train,True
118,137.0,1.9,MA_chunk_data/SVID/5cm/chunks/%toc/chunk_118.jpg,SVID,Train,True
119,138.0,1.2,MA_chunk_data/SVID/5cm/chunks/%toc/chunk_119.jpg,SVID,Train,True
120,139.0,1.2,MA_chunk_data/SVID/5cm/chunks/%toc/chunk_120.jpg,SVID,Train,True
121,140.0,1.2,MA_chunk_data/SVID/5cm/chunks/%toc/chunk_121.jpg,SVID,Train,True
122,141.0,,MA_chunk_data/SVID/5cm/chunks/%toc/chunk_122.jpg,SVID,Train,False
123,142.0,,MA_chunk_data/SVID/5cm/chunks/%toc/chunk_123.jpg,SVID,Train,False
124,143.0,2.7,MA_chunk_data/SVID/5cm/chunks/%toc/chunk_124.jpg,SVID,Train,True
125,144.0,2.7,MA_chunk_data/SVID/5cm/chunks/%toc/chunk_125.jpg,SVID,Train,True
126,145.0,2.7,MA_chunk_data/SVID/5cm/chunks/%toc/chunk_126.jpg,SVID,Train,True
127,146.0,2.7,MA_chunk_data/SVID/5cm/chunks/%toc/chunk_127.jpg,SVID,Train,True
128,147.0,2.7,MA_chunk_data/SVID/5cm/chunks/%toc/chunk_128.jpg,SVID,Train,True
129,150.0,2.7,MA_chunk_data/SVID/5cm/chunks/%toc/chunk_129.jpg,SVID,Test,True
130,151.0,2.7,MA_chunk_data/SVID/5cm/chunks/%toc/chunk_130.jpg,SVID,Test,True
131,152.0,2.7,MA_chunk_data/SVID/5cm/chunks/%toc/chunk_131.jpg,SVID,Test,True
132,153.0,2.7,MA_chunk_data/SVID/5cm/chunks/%toc/chunk_132.jpg,SVID,Test,True
133,154.0,2.7,MA_chunk_data/SVID/5cm/chunks/%toc/chunk_133.jpg,SVID,Test,True
134,155.0,2.6500000000000004,MA_chunk_data/SVID/5cm/chunks/%toc/chunk_134.jpg,SVID,Test,True
135,156.0,2.6,MA_chunk_data/SVID/5cm/chunks/%toc/chunk_135.jpg,SVID,Test,True
136,157.0,2.6,MA_chunk_data/SVID/5cm/chunks/%toc/chunk_136.jpg,SVID,Test,True
137,162.0,2.7,MA_chunk_data/SVID/5cm/chunks/%toc/chunk_137.jpg,SVID,Train,True
138,163.0,2.6500000000000004,MA_chunk_data/SVID/5cm/chunks/%toc/chunk_138.jpg,SVID,Train,True
139,164.0,2.6,MA_chunk_data/SVID/5cm/chunks/%toc/chunk_139.jpg,SVID,Train,True
140,165.0,2.6,MA_chunk_data/SVID/5cm/chunks/%toc/chunk_140.jpg,SVID,Train,True
141,166.0,2.6,MA_chunk_data/SVID/5cm/chunks/%toc/chunk_141.jpg,SVID,Train,True
142,167.0,2.6,MA_chunk_data/SVID/5cm/chunks/%toc/chunk_142.jpg,SVID,Train,True
143,172.0,2.4,MA_chunk_data/SVID/5cm/chunks/%toc/chunk_143.jpg,SVID,Test,True
144,173.0,2.4,MA_chunk_data/SVID/5cm/chunks/%toc/chunk_144.jpg,SVID,Test,True
145,174.0,2.4,MA_chunk_data/SVID/5cm/chunks/%toc/chunk_145.jpg,SVID,Test,True
146,175.0,2.4,MA_chunk_data/SVID/5cm/chunks/%toc/chunk_146.jpg,SVID,Test,True
147,176.0,,MA_chunk_data/SVID/5cm/chunks/%toc/chunk_147.jpg,SVID,Test,False
148,177.0,,MA_chunk_data/SVID/5cm/chunks/%toc/chunk_148.jpg,SVID,Test,False
149,182.0,2.3,MA_chunk_data/SVID/5cm/chunks/%toc/chunk_149.jpg,SVID,Train,True
150,183.0,2.3,MA_chunk_data/SVID/5cm/chunks/%toc/chunk_150.jpg,SVID,Train,True
151,184.0,,MA_chunk_data/SVID/5cm/chunks/%toc/chunk_151.jpg,SVID,Train,False
152,185.0,,MA_chunk_data/SVID/5cm/chunks/%toc/chunk_152.jpg,SVID,Train,False
153,186.0,,MA_chunk_data/SVID/5cm/chunks/%toc/chunk_153.jpg,SVID,Train,False
154,187.0,2.1,MA_chunk_data/SVID/5cm/chunks/%toc/chunk_154.jpg,SVID,Train,True
155,188.0,2.1,MA_chunk_data/SVID/5cm/chunks/%toc/chunk_155.jpg,SVID,Train,True
156,189.0,2.1,MA_chunk_data/SVID/5cm/chunks/%toc/chunk_156.jpg,SVID,Train,True
157,190.0,2.1,MA_chunk_data/SVID/5cm/chunks/%toc/chunk_157.jpg,SVID,Train,True
158,191.0,2.1,MA_chunk_data/SVID/5cm/chunks/%toc/chunk_158.jpg,SVID,Train,True
159,192.0,,MA_chunk_data/SVID/5cm/chunks/%toc/chunk_159.jpg,SVID,Train,False
160,193.0,,MA_chunk_data/SVID/5cm/chunks/%toc/chunk_160.jpg,SVID,Train,False
161,194.0,,MA_chunk_data/SVID/5cm/chunks/%toc/chunk_161.jpg,SVID,Train,False
162,195.0,1.6,MA_chunk_data/SVID/5cm/chunks/%toc/chunk_162.jpg,SVID,Train,True
163,196.0,1.6,MA_chunk_data/SVID/5cm/chunks/%toc/chunk_163.jpg,SVID,Train,True
164,197.0,1.6,MA_chunk_data/SVID/5cm/chunks/%toc/chunk_164.jpg,SVID,Train,True
165,198.0,1.6,MA_chunk_data/SVID/5cm/chunks/%toc/chunk_165.jpg,SVID,Train,True
166,199.0,1.6,MA_chunk_data/SVID/5cm/chunks/%toc/chunk_166.jpg,SVID,Train,True
167,200.0,,MA_chunk_data/SVID/5cm/chunks/%toc/chunk_167.jpg,SVID,Train,False
168,201.0,,MA_chunk_data/SVID/5cm/chunks/%toc/chunk_168.jpg,SVID,Train,False
169,202.0,,MA_chunk_data/SVID/5cm/chunks/%toc/chunk_169.jpg,SVID,Train,False
170,203.0,2.4,MA_chunk_data/SVID/5cm/chunks/%toc/chunk_170.jpg,SVID,Train,True
171,204.0,2.4,MA_chunk_data/SVID/5cm/chunks/%toc/chunk_171.jpg,SVID,Train,True
172,205.0,2.4,MA_chunk_data/SVID/5cm/chunks/%toc/chunk_172.jpg,SVID,Train,True
173,206.0,2.4,MA_chunk_data/SVID/5cm/chunks/%toc/chunk_173.jpg,SVID,Train,True
174,207.0,2.4,MA_chunk_data/SVID/5cm/chunks/%toc/chunk_174.jpg,SVID,Train,True
175,212.0,2.1,MA_chunk_data/SVID/5cm/chunks/%toc/chunk_175.jpg,SVID,Test,True
176,213.0,2.1,MA_chunk_data/SVID/5cm/chunks/%toc/chunk_176.jpg,SVID,Test,True
177,214.0,2.1,MA_chunk_data/SVID/5cm/chunks/%toc/chunk_177.jpg,SVID,Test,True
178,215.0,2.1,MA_chunk_data/SVID/5cm/chunks/%toc/chunk_178.jpg,SVID,Test,True
179,216.0,,MA_chunk_data/SVID/5cm/chunks/%toc/chunk_179.jpg,SVID,Test,False
180,217.0,,MA_chunk_data/SVID/5cm/chunks/%toc/chunk_180.jpg,SVID,Test,False
181,222.0,2.0,MA_chunk_data/SVID/5cm/chunks/%toc/chunk_181.jpg,SVID,Train,True
182,223.0,2.0,MA_chunk_data/SVID/5cm/chunks/%toc/chunk_182.jpg,SVID,Train,True
183,224.0,,MA_chunk_data/SVID/5cm/chunks/%toc/chunk_183.jpg,SVID,Train,False
184,225.0,,MA_chunk_data/SVID/5cm/chunks/%toc/chunk_184.jpg,SVID,Train,False
185,226.0,,MA_chunk_data/SVID/5cm/chunks/%toc/chunk_185.jpg,SVID,Train,False
186,227.0,2.2,MA_chunk_data/SVID/5cm/chunks/%toc/chunk_186.jpg,SVID,Train,True
187,228.0,2.2,MA_chunk_data/SVID/5cm/chunks/%toc/chunk_187.jpg,SVID,Train,True
188,229.0,2.1500000000000004,MA_chunk_data/SVID/5cm/chunks/%toc/chunk_188.jpg,SVID,Train,True
189,230.0,2.1500000000000004,MA_chunk_data/SVID/5cm/chunks/%toc/chunk_189.jpg,SVID,Train,True
190,231.0,2.166666666666667,MA_chunk_data/SVID/5cm/chunks/%toc/chunk_190.jpg,SVID,Train,True
191,232.0,2.1500000000000004,MA_chunk_data/SVID/5cm/chunks/%toc/chunk_191.jpg,SVID,Train,True
192,233.0,2.166666666666667,MA_chunk_data/SVID/5cm/chunks/%toc/chunk_192.jpg,SVID,Train,True
193,234.0,2.2,MA_chunk_data/SVID/5cm/chunks/%toc/chunk_193.jpg,SVID,Train,True
194,235.0,2.2,MA_chunk_data/SVID/5cm/chunks/%toc/chunk_194.jpg,SVID,Train,True
195,236.0,2.2,MA_chunk_data/SVID/5cm/chunks/%toc/chunk_195.jpg,SVID,Train,True
196,237.0,2.1666666666666665,MA_chunk_data/SVID/5cm/chunks/%toc/chunk_196.jpg,SVID,Train,True
197,238.0,2.0000000000000004,MA_chunk_data/SVID/5cm/chunks/%toc/chunk_197.jpg,SVID,Train,True
198,239.0,2.0000000000000004,MA_chunk_data/SVID/5cm/chunks/%toc/chunk_198.jpg,SVID,Train,True
199,240.0,1.9,MA_chunk_data/SVID/5cm/chunks/%toc/chunk_199.jpg,SVID,Train,True
200,241.0,1.9,MA_chunk_data/SVID/5cm/chunks/%toc/chunk_200.jpg,SVID,Train,True
201,242.0,1.7,MA_chunk_data/SVID/5cm/chunks/%toc/chunk_201.jpg,SVID,Train,True
202,243.0,,MA_chunk_data/SVID/5cm/chunks/%toc/chunk_202.jpg,SVID,Train,False
203,244.0,,MA_chunk_data/SVID/5cm/chunks/%toc/chunk_203.jpg,SVID,Train,False
204,245.0,,MA_chunk_data/SVID/5cm/chunks/%toc/chunk_204.jpg,SVID,Train,False
205,246.0,,MA_chunk_data/SVID/5cm/chunks/%toc/chunk_205.jpg,SVID,Train,False
206,247.0,,MA_chunk_data/SVID/5cm/chunks/%toc/chunk_206.jpg,SVID,Train,False
207,248.0,,MA_chunk_data/SVID/5cm/chunks/%toc/chunk_207.jpg,SVID,Train,False
208,249.0,,MA_chunk_data/SVID/5cm/chunks/%toc/chunk_208.jpg,SVID,Train,False
209,250.0,,MA_chunk_data/SVID/5cm/chunks/%toc/chunk_209.jpg,SVID,Train,False
210,251.0,2.8,MA_chunk_data/SVID/5cm/chunks/%toc/chunk_210.jpg,SVID,Train,True
211,252.0,2.8,MA_chunk_data/SVID/5cm/chunks/%toc/chunk_211.jpg,SVID,Train,True
212,253.0,2.8,MA_chunk_data/SVID/5cm/chunks/%toc/chunk_212.jpg,SVID,Train,True
213,254.0,2.8,MA_chunk_data/SVID/5cm/chunks/%toc/chunk_213.jpg,SVID,Train,True
214,255.0,2.8,MA_chunk_data/SVID/5cm/chunks/%toc/chunk_214.jpg,SVID,Train,True
215,256.0,,MA_chunk_data/SVID/5cm/chunks/%toc/chunk_215.jpg,SVID,Train,False
216,257.0,,MA_chunk_data/SVID/5cm/chunks/%toc/chunk_216.jpg,SVID,Train,False
217,262.0,2.8,MA_chunk_data/SVID/5cm/chunks/%toc/chunk_217.jpg,SVID,Test,True
218,263.0,2.8,MA_chunk_data/SVID/5cm/chunks/%toc/chunk_218.jpg,SVID,Test,True
219,264.0,,MA_chunk_data/SVID/5cm/chunks/%toc/chunk_219.jpg,SVID,Test,False
220,265.0,,MA_chunk_data/SVID/5cm/chunks/%toc/chunk_220.jpg,SVID,Test,False
221,266.0,,MA_chunk_data/SVID/5cm/chunks/%toc/chunk_221.jpg,SVID,Test,False
222,267.0,2.8,MA_chunk_data/SVID/5cm/chunks/%toc/chunk_222.jpg,SVID,Test,True
223,272.0,,MA_chunk_data/SVID/5cm/chunks/%toc/chunk_223.jpg,SVID,Train,False
224,273.0,,MA_chunk_data/SVID/5cm/chunks/%toc/chunk_224.jpg,SVID,Train,False
225,274.0,,MA_chunk_data/SVID/5cm/chunks/%toc/chunk_225.jpg,SVID,Train,False
226,275.0,2.7,MA_chunk_data/SVID/5cm/chunks/%toc/chunk_226.jpg,SVID,Train,True
227,276.0,2.7,MA_chunk_data/SVID/5cm/chunks/%toc/chunk_227.jpg,SVID,Train,True
228,277.0,2.7,MA_chunk_data/SVID/5cm/chunks/%toc/chunk_228.jpg,SVID,Train,True
229,278.0,2.7,MA_chunk_data/SVID/5cm/chunks/%toc/chunk_229.jpg,SVID,Train,True
230,279.0,2.7,MA_chunk_data/SVID/5cm/chunks/%toc/chunk_230.jpg,SVID,Train,True
231,280.0,,MA_chunk_data/SVID/5cm/chunks/%toc/chunk_231.jpg,SVID,Train,False
232,281.0,,MA_chunk_data/SVID/5cm/chunks/%toc/chunk_232.jpg,SVID,Train,False
233,282.0,,MA_chunk_data/SVID/5cm/chunks/%toc/chunk_233.jpg,SVID,Train,False
234,283.0,2.7,MA_chunk_data/SVID/5cm/chunks/%toc/chunk_234.jpg,SVID,Train,True
235,284.0,2.7,MA_chunk_data/SVID/5cm/chunks/%toc/chunk_235.jpg,SVID,Train,True
236,285.0,2.7,MA_chunk_data/SVID/5cm/chunks/%toc/chunk_236.jpg,SVID,Train,True
237,286.0,2.7,MA_chunk_data/SVID/5cm/chunks/%toc/chunk_237.jpg,SVID,Train,True
238,287.0,2.7,MA_chunk_data/SVID/5cm/chunks/%toc/chunk_238.jpg,SVID,Train,True
239,288.0,,MA_chunk_data/SVID/5cm/chunks/%toc/chunk_239.jpg,SVID,Train,False
240,289.0,,MA_chunk_data/SVID/5cm/chunks/%toc/chunk_240.jpg,SVID,Train,False
241,290.0,,MA_chunk_data/SVID/5cm/chunks/%toc/chunk_241.jpg,SVID,Train,False
242,291.0,2.8,MA_chunk_data/SVID/5cm/chunks/%toc/chunk_242.jpg,SVID,Train,True
243,292.0,2.8,MA_chunk_data/SVID/5cm/chunks/%toc/chunk_243.jpg,SVID,Train,True
244,293.0,2.8,MA_chunk_data/SVID/5cm/chunks/%toc/chunk_244.jpg,SVID,Train,True
245,294.0,2.8,MA_chunk_data/SVID/5cm/chunks/%toc/chunk_245.jpg,SVID,Train,True
246,295.0,2.8,MA_chunk_data/SVID/5cm/chunks/%toc/chunk_246.jpg,SVID,Train,True
247,296.0,,MA_chunk_data/SVID/5cm/chunks/%toc/chunk_247.jpg,SVID,Train,False
248,297.0,,MA_chunk_data/SVID/5cm/chunks/%toc/chunk_248.jpg,SVID,Train,False
249,302.0,2.8,MA_chunk_data/SVID/5cm/chunks/%toc/chunk_249.jpg,SVID,Train,True
250,303.0,2.8,MA_chunk_data/SVID/5cm/chunks/%toc/chunk_250.jpg,SVID,Train,True
251,304.0,,MA_chunk_data/SVID/5cm/chunks/%toc/chunk_251.jpg,SVID,Train,False
252,305.0,,MA_chunk_data/SVID/5cm/chunks/%toc/chunk_252.jpg,SVID,Train,False
253,306.0,,MA_chunk_data/SVID/5cm/chunks/%toc/chunk_253.jpg,SVID,Train,False
254,307.0,2.8,MA_chunk_data/SVID/5cm/chunks/%toc/chunk_254.jpg,SVID,Train,True
255,312.0,,MA_chunk_data/SVID/5cm/chunks/%toc/chunk_255.jpg,SVID,Test,False
256,313.0,,MA_chunk_data/SVID/5cm/chunks/%toc/chunk_256.jpg,SVID,Test,False
257,314.0,,MA_chunk_data/SVID/5cm/chunks/%toc/chunk_257.jpg,SVID,Test,False
258,315.0,,MA_chunk_data/SVID/5cm/chunks/%toc/chunk_258.jpg,SVID,Test,False
259,316.0,,MA_chunk_data/SVID/5cm/chunks/%toc/chunk_259.jpg,SVID,Test,False
260,317.0,,MA_chunk_data/SVID/5cm/chunks/%toc/chunk_260.jpg,SVID,Test,False
261,322.0,,MA_chunk_data/SVID/5cm/chunks/%toc/chunk_261.jpg,SVID,Train,False
262,323.0,2.3,MA_chunk_data/SVID/5cm/chunks/%toc/chunk_262.jpg,SVID,Train,True
263,324.0,2.3,MA_chunk_data/SVID/5cm/chunks/%toc/chunk_263.jpg,SVID,Train,True
264,325.0,2.3,MA_chunk_data/SVID/5cm/chunks/%toc/chunk_264.jpg,SVID,Train,True
265,326.0,2.3,MA_chunk_data/SVID/5cm/chunks/%toc/chunk_265.jpg,SVID,Train,True
266,327.0,2.3,MA_chunk_data/SVID/5cm/chunks/%toc/chunk_266.jpg,SVID,Train,True
267,332.0,2.6,MA_chunk_data/SVID/5cm/chunks/%toc/chunk_267.jpg,SVID,Test,True
268,333.0,2.6,MA_chunk_data/SVID/5cm/chunks/%toc/chunk_268.jpg,SVID,Test,True
269,334.0,2.6,MA_chunk_data/SVID/5cm/chunks/%toc/chunk_269.jpg,SVID,Test,True
270,335.0,2.6,MA_chunk_data/SVID/5cm/chunks/%toc/chunk_270.jpg,SVID,Test,True
271,336.0,,MA_chunk_data/SVID/5cm/chunks/%toc/chunk_271.jpg,SVID,Test,False
272,337.0,2.4,MA_chunk_data/SVID/5cm/chunks/%toc/chunk_272.jpg,SVID,Test,True
273,342.0,2.1,MA_chunk_data/SVID/5cm/chunks/%toc/chunk_273.jpg,SVID,Train,True
274,343.0,2.1,MA_chunk_data/SVID/5cm/chunks/%toc/chunk_274.jpg,SVID,Train,True
275,344.0,2.0,MA_chunk_data/SVID/5cm/chunks/%toc/chunk_275.jpg,SVID,Train,True
276,345.0,2.0,MA_chunk_data/SVID/5cm/chunks/%toc/chunk_276.jpg,SVID,Train,True
277,346.0,,MA_chunk_data/SVID/5cm/chunks/%toc/chunk_277.jpg,SVID,Train,False
278,347.0,2.4,MA_chunk_data/SVID/5cm/chunks/%toc/chunk_278.jpg,SVID,Train,True
279,348.0,2.4,MA_chunk_data/SVID/5cm/chunks/%toc/chunk_279.jpg,SVID,Train,True
280,349.0,2.4,MA_chunk_data/SVID/5cm/chunks/%toc/chunk_280.jpg,SVID,Train,True
281,350.0,2.4,MA_chunk_data/SVID/5cm/chunks/%toc/chunk_281.jpg,SVID,Train,True
282,351.0,2.4,MA_chunk_data/SVID/5cm/chunks/%toc/chunk_282.jpg,SVID,Train,True
283,352.0,,MA_chunk_data/SVID/5cm/chunks/%toc/chunk_283.jpg,SVID,Train,False
284,353.0,,MA_chunk_data/SVID/5cm/chunks/%toc/chunk_284.jpg,SVID,Train,False
285,354.0,,MA_chunk_data/SVID/5cm/chunks/%toc/chunk_285.jpg,SVID,Train,False
286,355.0,2.7,MA_chunk_data/SVID/5cm/chunks/%toc/chunk_286.jpg,SVID,Train,True
287,356.0,2.7,MA_chunk_data/SVID/5cm/chunks/%toc/chunk_287.jpg,SVID,Train,True
288,357.0,2.7,MA_chunk_data/SVID/5cm/chunks/%toc/chunk_288.jpg,SVID,Train,True
289,358.0,2.7,MA_chunk_data/SVID/5cm/chunks/%toc/chunk_289.jpg,SVID,Train,True
290,359.0,2.7,MA_chunk_data/SVID/5cm/chunks/%toc/chunk_290.jpg,SVID,Train,True
291,360.0,,MA_chunk_data/SVID/5cm/chunks/%toc/chunk_291.jpg,SVID,Train,False
292,361.0,,MA_chunk_data/SVID/5cm/chunks/%toc/chunk_292.jpg,SVID,Train,False
293,362.0,,MA_chunk_data/SVID/5cm/chunks/%toc/chunk_293.jpg,SVID,Train,False
294,363.0,2.6,MA_chunk_data/SVID/5cm/chunks/%toc/chunk_294.jpg,SVID,Train,True
295,364.0,2.6,MA_chunk_data/SVID/5cm/chunks/%toc/chunk_295.jpg,SVID,Train,True
296,365.0,2.6,MA_chunk_data/SVID/5cm/chunks/%toc/chunk_296.jpg,SVID,Train,True
297,366.0,2.6,MA_chunk_data/SVID/5cm/chunks/%toc/chunk_297.jpg,SVID,Train,True
298,367.0,2.6,MA_chunk_data/SVID/5cm/chunks/%toc/chunk_298.jpg,SVID,Train,True
299,368.0,,MA_chunk_data/SVID/5cm/chunks/%toc/chunk_299.jpg,SVID,Train,False
300,369.0,,MA_chunk_data/SVID/5cm/chunks/%toc/chunk_300.jpg,SVID,Train,False
301,370.0,,MA_chunk_data/SVID/5cm/chunks/%toc/chunk_301.jpg,SVID,Train,False
302,371.0,2.7,MA_chunk_data/SVID/5cm/chunks/%toc/chunk_302.jpg,SVID,Train,True
303,372.0,2.7,MA_chunk_data/SVID/5cm/chunks/%toc/chunk_303.jpg,SVID,Train,True
304,373.0,2.7,MA_chunk_data/SVID/5cm/chunks/%toc/chunk_304.jpg,SVID,Train,True
305,374.0,2.7,MA_chunk_data/SVID/5cm/chunks/%toc/chunk_305.jpg,SVID,Train,True
306,375.0,2.7,MA_chunk_data/SVID/5cm/chunks/%toc/chunk_306.jpg,SVID,Train,True
307,376.0,,MA_chunk_data/SVID/5cm/chunks/%toc/chunk_307.jpg,SVID,Train,False
308,377.0,,MA_chunk_data/SVID/5cm/chunks/%toc/chunk_308.jpg,SVID,Train,False
309,378.0,,MA_chunk_data/SVID/5cm/chunks/%toc/chunk_309.jpg,SVID,Train,False
310,379.0,2.4,MA_chunk_data/SVID/5cm/chunks/%toc/chunk_310.jpg,SVID,Train,True
311,380.0,2.4,MA_chunk_data/SVID/5cm/chunks/%toc/chunk_311.jpg,SVID,Train,True
312,381.0,2.4,MA_chunk_data/SVID/5cm/chunks/%toc/chunk_312.jpg,SVID,Train,True
313,382.0,2.4,MA_chunk_data/SVID/5cm/chunks/%toc/chunk_313.jpg,SVID,Train,True
314,383.0,2.4,MA_chunk_data/SVID/5cm/chunks/%toc/chunk_314.jpg,SVID,Train,True
315,384.0,,MA_chunk_data/SVID/5cm/chunks/%toc/chunk_315.jpg,SVID,Train,False
316,385.0,,MA_chunk_data/SVID/5cm/chunks/%toc/chunk_316.jpg,SVID,Train,False
317,386.0,,MA_chunk_data/SVID/5cm/chunks/%toc/chunk_317.jpg,SVID,Train,False
318,387.0,2.4,MA_chunk_data/SVID/5cm/chunks/%toc/chunk_318.jpg,SVID,Train,True
319,388.0,2.4,MA_chunk_data/SVID/5cm/chunks/%toc/chunk_319.jpg,SVID,Train,True
320,389.0,2.4,MA_chunk_data/SVID/5cm/chunks/%toc/chunk_320.jpg,SVID,Train,True
321,390.0,2.4,MA_chunk_data/SVID/5cm/chunks/%toc/chunk_321.jpg,SVID,Train,True
322,391.0,2.4,MA_chunk_data/SVID/5cm/chunks/%toc/chunk_322.jpg,SVID,Train,True
323,392.0,,MA_chunk_data/SVID/5cm/chunks/%toc/chunk_323.jpg,SVID,Train,False
324,393.0,,MA_chunk_data/SVID/5cm/chunks/%toc/chunk_324.jpg,SVID,Train,False
325,394.0,,MA_chunk_data/SVID/5cm/chunks/%toc/chunk_325.jpg,SVID,Train,False
326,395.0,2.6,MA_chunk_data/SVID/5cm/chunks/%toc/chunk_326.jpg,SVID,Train,True
327,396.0,2.6,MA_chunk_data/SVID/5cm/chunks/%toc/chunk_327.jpg,SVID,Train,True
328,397.0,2.6,MA_chunk_data/SVID/5cm/chunks/%toc/chunk_328.jpg,SVID,Train,True
329,398.0,2.6,MA_chunk_data/SVID/5cm/chunks/%toc/chunk_329.jpg,SVID,Train,True
330,399.0,2.6,MA_chunk_data/SVID/5cm/chunks/%toc/chunk_330.jpg,SVID,Train,True
331,400.0,,MA_chunk_data/SVID/5cm/chunks/%toc/chunk_331.jpg,SVID,Train,False
332,401.0,,MA_chunk_data/SVID/5cm/chunks/%toc/chunk_332.jpg,SVID,Train,False
333,402.0,,MA_chunk_data/SVID/5cm/chunks/%toc/chunk_333.jpg,SVID,Train,False
334,403.0,2.5,MA_chunk_data/SVID/5cm/chunks/%toc/chunk_334.jpg,SVID,Train,True
335,404.0,2.5,MA_chunk_data/SVID/5cm/chunks/%toc/chunk_335.jpg,SVID,Train,True
336,405.0,2.5,MA_chunk_data/SVID/5cm/chunks/%toc/chunk_336.jpg,SVID,Train,True
337,406.0,2.5,MA_chunk_data/SVID/5cm/chunks/%toc/chunk_337.jpg,SVID,Train,True
338,407.0,2.5,MA_chunk_data/SVID/5cm/chunks/%toc/chunk_338.jpg,SVID,Train,True
339,408.0,,MA_chunk_data/SVID/5cm/chunks/%toc/chunk_339.jpg,SVID,Train,False
340,409.0,,MA_chunk_data/SVID/5cm/chunks/%toc/chunk_340.jpg,SVID,Train,False
341,410.0,,MA_chunk_data/SVID/5cm/chunks/%toc/chunk_341.jpg,SVID,Train,False
342,411.0,2.6,MA_chunk_data/SVID/5cm/chunks/%toc/chunk_342.jpg,SVID,Train,True
343,412.0,2.6,MA_chunk_data/SVID/5cm/chunks/%toc/chunk_343.jpg,SVID,Train,True
344,413.0,2.6,MA_chunk_data/SVID/5cm/chunks/%toc/chunk_344.jpg,SVID,Train,True
345,414.0,2.6,MA_chunk_data/SVID/5cm/chunks/%toc/chunk_345.jpg,SVID,Train,True
346,415.0,2.6,MA_chunk_data/SVID/5cm/chunks/%toc/chunk_346.jpg,SVID,Train,True
347,416.0,,MA_chunk_data/SVID/5cm/chunks/%toc/chunk_347.jpg,SVID,Train,False
348,417.0,,MA_chunk_data/SVID/5cm/chunks/%toc/chunk_348.jpg,SVID,Train,False
349,422.0,2.4,MA_chunk_data/SVID/5cm/chunks/%toc/chunk_349.jpg,SVID,Test,True
350,423.0,2.4,MA_chunk_data/SVID/5cm/chunks/%toc/chunk_350.jpg,SVID,Test,True
351,424.0,,MA_chunk_data/SVID/5cm/chunks/%toc/chunk_351.jpg,SVID,Test,False
352,425.0,,MA_chunk_data/SVID/5cm/chunks/%toc/chunk_352.jpg,SVID,Test,False
353,426.0,,MA_chunk_data/SVID/5cm/chunks/%toc/chunk_353.jpg,SVID,Test,False
354,427.0,2.4,MA_chunk_data/SVID/5cm/chunks/%toc/chunk_354.jpg,SVID,Test,True
355,432.0,,MA_chunk_data/SVID/5cm/chunks/%toc/chunk_355.jpg,SVID,Train,False
356,433.0,,MA_chunk_data/SVID/5cm/chunks/%toc/chunk_356.jpg,SVID,Train,False
357,434.0,,MA_chunk_data/SVID/5cm/chunks/%toc/chunk_357.jpg,SVID,Train,False
358,435.0,2.4,MA_chunk_data/SVID/5cm/chunks/%toc/chunk_358.jpg,SVID,Train,True
359,436.0,2.4,MA_chunk_data/SVID/5cm/chunks/%toc/chunk_359.jpg,SVID,Train,True
360,437.0,2.4,MA_chunk_data/SVID/5cm/chunks/%toc/chunk_360.jpg,SVID,Train,True
361,438.0,2.4,MA_chunk_data/SVID/5cm/chunks/%toc/chunk_361.jpg,SVID,Train,True
362,439.0,2.4,MA_chunk_data/SVID/5cm/chunks/%toc/chunk_362.jpg,SVID,Train,True
363,440.0,,MA_chunk_data/SVID/5cm/chunks/%toc/chunk_363.jpg,SVID,Train,False
364,441.0,2.3,MA_chunk_data/SVID/5cm/chunks/%toc/chunk_364.jpg,SVID,Train,True
365,442.0,2.3,MA_chunk_data/SVID/5cm/chunks/%toc/chunk_365.jpg,SVID,Train,True
366,443.0,2.3,MA_chunk_data/SVID/5cm/chunks/%toc/chunk_366.jpg,SVID,Train,True
367,444.0,2.3,MA_chunk_data/SVID/5cm/chunks/%toc/chunk_367.jpg,SVID,Train,True
368,445.0,2.3,MA_chunk_data/SVID/5cm/chunks/%toc/chunk_368.jpg,SVID,Train,True
369,446.0,,MA_chunk_data/SVID/5cm/chunks/%toc/chunk_369.jpg,SVID,Train,False
370,447.0,,MA_chunk_data/SVID/5cm/chunks/%toc/chunk_370.jpg,SVID,Train,False
371,449.0,,MA_chunk_data/SVID/5cm/chunks/%toc/chunk_371.jpg,SVID,Test,False
372,450.0,,MA_chunk_data/SVID/5cm/chunks/%toc/chunk_372.jpg,SVID,Test,False
373,451.0,,MA_chunk_data/SVID/5cm/chunks/%toc/chunk_373.jpg,SVID,Test,False
374,452.0,,MA_chunk_data/SVID/5cm/chunks/%toc/chunk_374.jpg,SVID,Test,False
375,453.0,,MA_chunk_data/SVID/5cm/chunks/%toc/chunk_375.jpg,SVID,Test,False
376,454.0,,MA_chunk_data/SVID/5cm/chunks/%toc/chunk_376.jpg,SVID,Test,False
377,455.0,,MA_chunk_data/SVID/5cm/chunks/%toc/chunk_377.jpg,SVID,Test,False
378,456.0,,MA_chunk_data/SVID/5cm/chunks/%toc/chunk_378.jpg,SVID,Test,False
379,457.0,,MA_chunk_data/SVID/5cm/chunks/%toc/chunk_379.jpg,SVID,Test,False
380,462.0,2.2,MA_chunk_data/SVID/5cm/chunks/%toc/chunk_380.jpg,SVID,Train,True
381,463.0,2.2,MA_chunk_data/SVID/5cm/chunks/%toc/chunk_381.jpg,SVID,Train,True
382,464.0,,MA_chunk_data/SVID/5cm/chunks/%toc/chunk_382.jpg,SVID,Train,False
383,465.0,,MA_chunk_data/SVID/5cm/chunks/%toc/chunk_383.jpg,SVID,Train,False
384,466.0,,MA_chunk_data/SVID/5cm/chunks/%toc/chunk_384.jpg,SVID,Train,False
385,467.0,,MA_chunk_data/SVID/5cm/chunks/%toc/chunk_385.jpg,SVID,Train,False
386,468.0,,MA_chunk_data/SVID/5cm/chunks/%toc/chunk_386.jpg,SVID,Train,False
387,469.0,,MA_chunk_data/SVID/5cm/chunks/%toc/chunk_387.jpg,SVID,Train,False
388,470.0,,MA_chunk_data/SVID/5cm/chunks/%toc/chunk_388.jpg,SVID,Train,False
389,471.0,,MA_chunk_data/SVID/5cm/chunks/%toc/chunk_389.jpg,SVID,Train,False
390,472.0,,MA_chunk_data/SVID/5cm/chunks/%toc/chunk_390.jpg,SVID,Train,False
391,473.0,,MA_chunk_data/SVID/5cm/chunks/%toc/chunk_391.jpg,SVID,Train,False
392,474.0,,MA_chunk_data/SVID/5cm/chunks/%toc/chunk_392.jpg,SVID,Train,False
393,475.0,2.1,MA_chunk_data/SVID/5cm/chunks/%toc/chunk_393.jpg,SVID,Train,True
394,476.0,2.1,MA_chunk_data/SVID/5cm/chunks/%toc/chunk_394.jpg,SVID,Train,True
395,477.0,2.1,MA_chunk_data/SVID/5cm/chunks/%toc/chunk_395.jpg,SVID,Train,True
396,478.0,2.1,MA_chunk_data/SVID/5cm/chunks/%toc/chunk_396.jpg,SVID,Train,True
397,479.0,2.1,MA_chunk_data/SVID/5cm/chunks/%toc/chunk_397.jpg,SVID,Train,True
398,480.0,,MA_chunk_data/SVID/5cm/chunks/%toc/chunk_398.jpg,SVID,Train,False
399,481.0,,MA_chunk_data/SVID/5cm/chunks/%toc/chunk_399.jpg,SVID,Train,False
400,482.0,,MA_chunk_data/SVID/5cm/chunks/%toc/chunk_400.jpg,SVID,Train,False
401,483.0,,MA_chunk_data/SVID/5cm/chunks/%toc/chunk_401.jpg,SVID,Train,False
402,484.0,,MA_chunk_data/SVID/5cm/chunks/%toc/chunk_402.jpg,SVID,Train,False
403,485.0,,MA_chunk_data/SVID/5cm/chunks/%toc/chunk_403.jpg,SVID,Train,False
404,486.0,,MA_chunk_data/SVID/5cm/chunks/%toc/chunk_404.jpg,SVID,Train,False
405,487.0,,MA_chunk_data/SVID/5cm/chunks/%toc/chunk_405.jpg,SVID,Train,False
406,488.0,,MA_chunk_data/SVID/5cm/chunks/%toc/chunk_406.jpg,SVID,Train,False
407,489.0,,MA_chunk_data/SVID/5cm/chunks/%toc/chunk_407.jpg,SVID,Train,False
408,490.0,,MA_chunk_data/SVID/5cm/chunks/%toc/chunk_408.jpg,SVID,Train,False
409,491.0,2.6,MA_chunk_data/SVID/5cm/chunks/%toc/chunk_409.jpg,SVID,Train,True
410,492.0,2.6,MA_chunk_data/SVID/5cm/chunks/%toc/chunk_410.jpg,SVID,Train,True
411,493.0,2.6,MA_chunk_data/SVID/5cm/chunks/%toc/chunk_411.jpg,SVID,Train,True
412,494.0,2.6,MA_chunk_data/SVID/5cm/chunks/%toc/chunk_412.jpg,SVID,Train,True
413,495.0,2.6,MA_chunk_data/SVID/5cm/chunks/%toc/chunk_413.jpg,SVID,Train,True
414,496.0,,MA_chunk_data/SVID/5cm/chunks/%toc/chunk_414.jpg,SVID,Train,False
415,497.0,,MA_chunk_data/SVID/5cm/chunks/%toc/chunk_415.jpg,SVID,Train,False
416,498.0,,MA_chunk_data/SVID/5cm/chunks/%toc/chunk_416.jpg,SVID,Train,False
417,499.0,2.0,MA_chunk_data/SVID/5cm/chunks/%toc/chunk_417.jpg,SVID,Train,True
418,500.0,2.0,MA_chunk_data/SVID/5cm/chunks/%toc/chunk_418.jpg,SVID,Train,True
419,501.0,2.0,MA_chunk_data/SVID/5cm/chunks/%toc/chunk_419.jpg,SVID,Train,True
420,502.0,2.0,MA_chunk_data/SVID/5cm/chunks/%toc/chunk_420.jpg,SVID,Train,True
421,503.0,2.0,MA_chunk_data/SVID/5cm/chunks/%toc/chunk_421.jpg,SVID,Train,True
422,504.0,,MA_chunk_data/SVID/5cm/chunks/%toc/chunk_422.jpg,SVID,Train,False
423,505.0,,MA_chunk_data/SVID/5cm/chunks/%toc/chunk_423.jpg,SVID,Train,False
424,506.0,,MA_chunk_data/SVID/5cm/chunks/%toc/chunk_424.jpg,SVID,Train,False
425,507.0,1.5,MA_chunk_data/SVID/5cm/chunks/%toc/chunk_425.jpg,SVID,Train,True
426,508.0,1.5,MA_chunk_data/SVID/5cm/chunks/%toc/chunk_426.jpg,SVID,Train,True
427,509.0,1.5,MA_chunk_data/SVID/5cm/chunks/%toc/chunk_427.jpg,SVID,Train,True
428,510.0,1.5,MA_chunk_data/SVID/5cm/chunks/%toc/chunk_428.jpg,SVID,Train,True
429,511.0,1.5,MA_chunk_data/SVID/5cm/chunks/%toc/chunk_429.jpg,SVID,Train,True
430,512.0,,MA_chunk_data/SVID/5cm/chunks/%toc/chunk_430.jpg,SVID,Train,False
431,513.0,,MA_chunk_data/SVID/5cm/chunks/%toc/chunk_431.jpg,SVID,Train,False
432,514.0,,MA_chunk_data/SVID/5cm/chunks/%toc/chunk_432.jpg,SVID,Train,False
433,515.0,2.1,MA_chunk_data/SVID/5cm/chunks/%toc/chunk_433.jpg,SVID,Train,True
434,516.0,2.1,MA_chunk_data/SVID/5cm/chunks/%toc/chunk_434.jpg,SVID,Train,True
435,517.0,2.1,MA_chunk_data/SVID/5cm/chunks/%toc/chunk_435.jpg,SVID,Train,True
436,518.0,2.1,MA_chunk_data/SVID/5cm/chunks/%toc/chunk_436.jpg,SVID,Train,True
437,519.0,2.1,MA_chunk_data/SVID/5cm/chunks/%toc/chunk_437.jpg,SVID,Train,True
438,520.0,,MA_chunk_data/SVID/5cm/chunks/%toc/chunk_438.jpg,SVID,Train,False
439,521.0,,MA_chunk_data/SVID/5cm/chunks/%toc/chunk_439.jpg,SVID,Train,False
440,522.0,,MA_chunk_data/SVID/5cm/chunks/%toc/chunk_440.jpg,SVID,Train,False
441,523.0,2.3,MA_chunk_data/SVID/5cm/chunks/%toc/chunk_441.jpg,SVID,Train,True
442,524.0,2.3,MA_chunk_data/SVID/5cm/chunks/%toc/chunk_442.jpg,SVID,Train,True
443,525.0,2.3,MA_chunk_data/SVID/5cm/chunks/%toc/chunk_443.jpg,SVID,Train,True
444,526.0,2.3,MA_chunk_data/SVID/5cm/chunks/%toc/chunk_444.jpg,SVID,Train,True
445,527.0,2.3,MA_chunk_data/SVID/5cm/chunks/%toc/chunk_445.jpg,SVID,Train,True
446,528.0,,MA_chunk_data/SVID/5cm/chunks/%toc/chunk_446.jpg,SVID,Train,False
447,529.0,,MA_chunk_data/SVID/5cm/chunks/%toc/chunk_447.jpg,SVID,Train,False
448,530.0,,MA_chunk_data/SVID/5cm/chunks/%toc/chunk_448.jpg,SVID,Train,False
449,531.0,2.2,MA_chunk_data/SVID/5cm/chunks/%toc/chunk_449.jpg,SVID,Train,True
450,532.0,2.2,MA_chunk_data/SVID/5cm/chunks/%toc/chunk_450.jpg,SVID,Train,True
451,533.0,2.2,MA_chunk_data/SVID/5cm/chunks/%toc/chunk_451.jpg,SVID,Train,True
452,534.0,2.2,MA_chunk_data/SVID/5cm/chunks/%toc/chunk_452.jpg,SVID,Train,True
453,535.0,2.2,MA_chunk_data/SVID/5cm/chunks/%toc/chunk_453.jpg,SVID,Train,True
454,536.0,,MA_chunk_data/SVID/5cm/chunks/%toc/chunk_454.jpg,SVID,Train,False
455,537.0,,MA_chunk_data/SVID/5cm/chunks/%toc/chunk_455.jpg,SVID,Train,False
456,538.0,,MA_chunk_data/SVID/5cm/chunks/%toc/chunk_456.jpg,SVID,Train,False
457,539.0,2.1,MA_chunk_data/SVID/5cm/chunks/%toc/chunk_457.jpg,SVID,Train,True
458,540.0,2.1,MA_chunk_data/SVID/5cm/chunks/%toc/chunk_458.jpg,SVID,Train,True
459,541.0,2.1,MA_chunk_data/SVID/5cm/chunks/%toc/chunk_459.jpg,SVID,Train,True
460,542.0,2.1,MA_chunk_data/SVID/5cm/chunks/%toc/chunk_460.jpg,SVID,Train,True
461,543.0,2.1,MA_chunk_data/SVID/5cm/chunks/%toc/chunk_461.jpg,SVID,Train,True
462,544.0,,MA_chunk_data/SVID/5cm/chunks/%toc/chunk_462.jpg,SVID,Train,False
463,545.0,,MA_chunk_data/SVID/5cm/chunks/%toc/chunk_463.jpg,SVID,Train,False
464,546.0,,MA_chunk_data/SVID/5cm/chunks/%toc/chunk_464.jpg,SVID,Train,False
465,547.0,1.9,MA_chunk_data/SVID/5cm/chunks/%toc/chunk_465.jpg,SVID,Train,True
466,548.0,1.9,MA_chunk_data/SVID/5cm/chunks/%toc/chunk_466.jpg,SVID,Train,True
467,549.0,1.9,MA_chunk_data/SVID/5cm/chunks/%toc/chunk_467.jpg,SVID,Train,True
468,550.0,1.9,MA_chunk_data/SVID/5cm/chunks/%toc/chunk_468.jpg,SVID,Train,True
469,551.0,1.9,MA_chunk_data/SVID/5cm/chunks/%toc/chunk_469.jpg,SVID,Train,True
470,552.0,,MA_chunk_data/SVID/5cm/chunks/%toc/chunk_470.jpg,SVID,Train,False
471,553.0,,MA_chunk_data/SVID/5cm/chunks/%toc/chunk_471.jpg,SVID,Train,False
472,554.0,,MA_chunk_data/SVID/5cm/chunks/%toc/chunk_472.jpg,SVID,Train,False
473,555.0,2.2,MA_chunk_data/SVID/5cm/chunks/%toc/chunk_473.jpg,SVID,Train,True
474,556.0,2.2,MA_chunk_data/SVID/5cm/chunks/%toc/chunk_474.jpg,SVID,Train,True
475,557.0,2.2,MA_chunk_data/SVID/5cm/chunks/%toc/chunk_475.jpg,SVID,Train,True
476,558.0,2.2,MA_chunk_data/SVID/5cm/chunks/%toc/chunk_476.jpg,SVID,Train,True
477,559.0,2.2,MA_chunk_data/SVID/5cm/chunks/%toc/chunk_477.jpg,SVID,Train,True
478,560.0,,MA_chunk_data/SVID/5cm/chunks/%toc/chunk_478.jpg,SVID,Train,False
479,561.0,,MA_chunk_data/SVID/5cm/chunks/%toc/chunk_479.jpg,SVID,Train,False
480,562.0,,MA_chunk_data/SVID/5cm/chunks/%toc/chunk_480.jpg,SVID,Train,False
481,563.0,2.0,MA_chunk_data/SVID/5cm/chunks/%toc/chunk_481.jpg,SVID,Train,True
482,564.0,2.0,MA_chunk_data/SVID/5cm/chunks/%toc/chunk_482.jpg,SVID,Train,True
483,565.0,2.0,MA_chunk_data/SVID/5cm/chunks/%toc/chunk_483.jpg,SVID,Train,True
484,566.0,2.0,MA_chunk_data/SVID/5cm/chunks/%toc/chunk_484.jpg,SVID,Train,True
485,567.0,2.0,MA_chunk_data/SVID/5cm/chunks/%toc/chunk_485.jpg,SVID,Train,True
486,572.0,2.0,MA_chunk_data/SVID/5cm/chunks/%toc/chunk_486.jpg,SVID,Test,True
487,573.0,2.0,MA_chunk_data/SVID/5cm/chunks/%toc/chunk_487.jpg,SVID,Test,True
488,574.0,2.0,MA_chunk_data/SVID/5cm/chunks/%toc/chunk_488.jpg,SVID,Test,True
489,575.0,2.0,MA_chunk_data/SVID/5cm/chunks/%toc/chunk_489.jpg,SVID,Test,True
490,576.0,,MA_chunk_data/SVID/5cm/chunks/%toc/chunk_490.jpg,SVID,Test,False
491,577.0,,MA_chunk_data/SVID/5cm/chunks/%toc/chunk_491.jpg,SVID,Test,False
492,586.0,,MA_chunk_data/SVID/5cm/chunks/%toc/chunk_492.jpg,SVID,Train,False
493,587.0,2.0,MA_chunk_data/SVID/5cm/chunks/%toc/chunk_493.jpg,SVID,Train,True
494,592.0,,MA_chunk_data/SVID/5cm/chunks/%toc/chunk_494.jpg,SVID,Test,False
495,593.0,,MA_chunk_data/SVID/5cm/chunks/%toc/chunk_495.jpg,SVID,Test,False
496,594.0,,MA_chunk_data/SVID/5cm/chunks/%toc/chunk_496.jpg,SVID,Test,False
497,595.0,1.8,MA_chunk_data/SVID/5cm/chunks/%toc/chunk_497.jpg,SVID,Test,True
498,596.0,1.8,MA_chunk_data/SVID/5cm/chunks/%toc/chunk_498.jpg,SVID,Test,True
499,597.0,1.8,MA_chunk_data/SVID/5cm/chunks/%toc/chunk_499.jpg,SVID,Test,True
500,602.0,,MA_chunk_data/SVID/5cm/chunks/%toc/chunk_500.jpg,SVID,Train,False
501,603.0,1.9,MA_chunk_data/SVID/5cm/chunks/%toc/chunk_501.jpg,SVID,Train,True
502,604.0,1.9,MA_chunk_data/SVID/5cm/chunks/%toc/chunk_502.jpg,SVID,Train,True
503,605.0,1.9,MA_chunk_data/SVID/5cm/chunks/%toc/chunk_503.jpg,SVID,Train,True
504,606.0,1.9,MA_chunk_data/SVID/5cm/chunks/%toc/chunk_504.jpg,SVID,Train,True
505,607.0,1.9,MA_chunk_data/SVID/5cm/chunks/%toc/chunk_505.jpg,SVID,Train,True
506,608.0,,MA_chunk_data/SVID/5cm/chunks/%toc/chunk_506.jpg,SVID,Train,False
507,609.0,,MA_chunk_data/SVID/5cm/chunks/%toc/chunk_507.jpg,SVID,Train,False
508,610.0,,MA_chunk_data/SVID/5cm/chunks/%toc/chunk_508.jpg,SVID,Train,False
509,611.0,1.9,MA_chunk_data/SVID/5cm/chunks/%toc/chunk_509.jpg,SVID,Train,True
510,612.0,1.9,MA_chunk_data/SVID/5cm/chunks/%toc/chunk_510.jpg,SVID,Train,True
511,613.0,1.9,MA_chunk_data/SVID/5cm/chunks/%toc/chunk_511.jpg,SVID,Train,True
512,614.0,1.9,MA_chunk_data/SVID/5cm/chunks/%toc/chunk_512.jpg,SVID,Train,True
513,615.0,1.9,MA_chunk_data/SVID/5cm/chunks/%toc/chunk_513.jpg,SVID,Train,True
514,616.0,,MA_chunk_data/SVID/5cm/chunks/%toc/chunk_514.jpg,SVID,Train,False
515,617.0,,MA_chunk_data/SVID/5cm/chunks/%toc/chunk_515.jpg,SVID,Train,False
516,618.0,,MA_chunk_data/SVID/5cm/chunks/%toc/chunk_516.jpg,SVID,Train,False
517,619.0,2.1,MA_chunk_data/SVID/5cm/chunks/%toc/chunk_517.jpg,SVID,Train,True
518,620.0,2.1,MA_chunk_data/SVID/5cm/chunks/%toc/chunk_518.jpg,SVID,Train,True
519,621.0,2.1,MA_chunk_data/SVID/5cm/chunks/%toc/chunk_519.jpg,SVID,Train,True
520,622.0,2.1,MA_chunk_data/SVID/5cm/chunks/%toc/chunk_520.jpg,SVID,Train,True
521,623.0,2.1,MA_chunk_data/SVID/5cm/chunks/%toc/chunk_521.jpg,SVID,Train,True
522,624.0,,MA_chunk_data/SVID/5cm/chunks/%toc/chunk_522.jpg,SVID,Train,False
523,625.0,,MA_chunk_data/SVID/5cm/chunks/%toc/chunk_523.jpg,SVID,Train,False
524,626.0,,MA_chunk_data/SVID/5cm/chunks/%toc/chunk_524.jpg,SVID,Train,False
525,627.0,1.9,MA_chunk_data/SVID/5cm/chunks/%toc/chunk_525.jpg,SVID,Train,True
526,628.0,1.9,MA_chunk_data/SVID/5cm/chunks/%toc/chunk_526.jpg,SVID,Train,True
527,629.0,1.9,MA_chunk_data/SVID/5cm/chunks/%toc/chunk_527.jpg,SVID,Train,True
528,630.0,1.9,MA_chunk_data/SVID/5cm/chunks/%toc/chunk_528.jpg,SVID,Train,True
529,631.0,1.9,MA_chunk_data/SVID/5cm/chunks/%toc/chunk_529.jpg,SVID,Train,True
530,632.0,,MA_chunk_data/SVID/5cm/chunks/%toc/chunk_530.jpg,SVID,Train,False
531,633.0,,MA_chunk_data/SVID/5cm/chunks/%toc/chunk_531.jpg,SVID,Train,False
532,634.0,,MA_chunk_data/SVID/5cm/chunks/%toc/chunk_532.jpg,SVID,Train,False
533,635.0,1.8,MA_chunk_data/SVID/5cm/chunks/%toc/chunk_533.jpg,SVID,Train,True
534,636.0,1.8,MA_chunk_data/SVID/5cm/chunks/%toc/chunk_534.jpg,SVID,Train,True
535,637.0,1.8,MA_chunk_data/SVID/5cm/chunks/%toc/chunk_535.jpg,SVID,Train,True
536,638.0,1.8,MA_chunk_data/SVID/5cm/chunks/%toc/chunk_536.jpg,SVID,Train,True
537,639.0,1.8,MA_chunk_data/SVID/5cm/chunks/%toc/chunk_537.jpg,SVID,Train,True
538,640.0,,MA_chunk_data/SVID/5cm/chunks/%toc/chunk_538.jpg,SVID,Train,False
539,641.0,,MA_chunk_data/SVID/5cm/chunks/%toc/chunk_539.jpg,SVID,Train,False
540,642.0,,MA_chunk_data/SVID/5cm/chunks/%toc/chunk_540.jpg,SVID,Train,False
541,643.0,1.6,MA_chunk_data/SVID/5cm/chunks/%toc/chunk_541.jpg,SVID,Train,True
542,644.0,1.6,MA_chunk_data/SVID/5cm/chunks/%toc/chunk_542.jpg,SVID,Train,True
543,645.0,1.6,MA_chunk_data/SVID/5cm/chunks/%toc/chunk_543.jpg,SVID,Train,True
544,646.0,1.6,MA_chunk_data/SVID/5cm/chunks/%toc/chunk_544.jpg,SVID,Train,True
545,647.0,1.6,MA_chunk_data/SVID/5cm/chunks/%toc/chunk_545.jpg,SVID,Train,True
546,648.0,,MA_chunk_data/SVID/5cm/chunks/%toc/chunk_546.jpg,SVID,Train,False
547,649.0,,MA_chunk_data/SVID/5cm/chunks/%toc/chunk_547.jpg,SVID,Train,False
548,650.0,,MA_chunk_data/SVID/5cm/chunks/%toc/chunk_548.jpg,SVID,Train,False
549,651.0,,MA_chunk_data/SVID/5cm/chunks/%toc/chunk_549.jpg,SVID,Train,False
550,652.0,,MA_chunk_data/SVID/5cm/chunks/%toc/chunk_550.jpg,SVID,Train,False
551,653.0,,MA_chunk_data/SVID/5cm/chunks/%toc/chunk_551.jpg,SVID,Train,False
552,654.0,,MA_chunk_data/SVID/5cm/chunks/%toc/chunk_552.jpg,SVID,Train,False
553,655.0,1.7,MA_chunk_data/SVID/5cm/chunks/%toc/chunk_553.jpg,SVID,Train,True
554,656.0,1.7,MA_chunk_data/SVID/5cm/chunks/%toc/chunk_554.jpg,SVID,Train,True
555,657.0,1.7,MA_chunk_data/SVID/5cm/chunks/%toc/chunk_555.jpg,SVID,Train,True
556,658.0,1.7,MA_chunk_data/SVID/5cm/chunks/%toc/chunk_556.jpg,SVID,Train,True
557,659.0,1.7,MA_chunk_data/SVID/5cm/chunks/%toc/chunk_557.jpg,SVID,Train,True
558,660.0,1.7,MA_chunk_data/SVID/5cm/chunks/%toc/chunk_558.jpg,SVID,Train,True
559,661.0,1.7,MA_chunk_data/SVID/5cm/chunks/%toc/chunk_559.jpg,SVID,Train,True
560,662.0,1.7,MA_chunk_data/SVID/5cm/chunks/%toc/chunk_560.jpg,SVID,Train,True
561,663.0,1.7999999999999998,MA_chunk_data/SVID/5cm/chunks/%toc/chunk_561.jpg,SVID,Train,True
562,664.0,1.9,MA_chunk_data/SVID/5cm/chunks/%toc/chunk_562.jpg,SVID,Train,True
563,665.0,1.9,MA_chunk_data/SVID/5cm/chunks/%toc/chunk_563.jpg,SVID,Train,True
564,666.0,1.9,MA_chunk_data/SVID/5cm/chunks/%toc/chunk_564.jpg,SVID,Train,True
565,667.0,1.7999999999999998,MA_chunk_data/SVID/5cm/chunks/%toc/chunk_565.jpg,SVID,Train,True
566,672.0,1.6,MA_chunk_data/SVID/5cm/chunks/%toc/chunk_566.jpg,SVID,Test,True
567,673.0,1.6,MA_chunk_data/SVID/5cm/chunks/%toc/chunk_567.jpg,SVID,Test,True
568,674.0,1.6,MA_chunk_data/SVID/5cm/chunks/%toc/chunk_568.jpg,SVID,Test,True
569,675.0,1.65,MA_chunk_data/SVID/5cm/chunks/%toc/chunk_569.jpg,SVID,Test,True
570,676.0,1.7,MA_chunk_data/SVID/5cm/chunks/%toc/chunk_570.jpg,SVID,Test,True
571,677.0,1.7,MA_chunk_data/SVID/5cm/chunks/%toc/chunk_571.jpg,SVID,Test,True
572,682.0,1.6,MA_chunk_data/SVID/5cm/chunks/%toc/chunk_572.jpg,SVID,Train,True
573,683.0,1.4500000000000002,MA_chunk_data/SVID/5cm/chunks/%toc/chunk_573.jpg,SVID,Train,True
574,684.0,1.3,MA_chunk_data/SVID/5cm/chunks/%toc/chunk_574.jpg,SVID,Train,True
575,685.0,1.3,MA_chunk_data/SVID/5cm/chunks/%toc/chunk_575.jpg,SVID,Train,True
576,686.0,1.3,MA_chunk_data/SVID/5cm/chunks/%toc/chunk_576.jpg,SVID,Train,True
577,687.0,1.5,MA_chunk_data/SVID/5cm/chunks/%toc/chunk_577.jpg,SVID,Train,True
578,692.0,1.5,MA_chunk_data/SVID/5cm/chunks/%toc/chunk_578.jpg,SVID,Test,True
579,693.0,1.5,MA_chunk_data/SVID/5cm/chunks/%toc/chunk_579.jpg,SVID,Test,True
580,694.0,1.5,MA_chunk_data/SVID/5cm/chunks/%toc/chunk_580.jpg,SVID,Test,True
581,695.0,1.5,MA_chunk_data/SVID/5cm/chunks/%toc/chunk_581.jpg,SVID,Test,True
582,696.0,1.5,MA_chunk_data/SVID/5cm/chunks/%toc/chunk_582.jpg,SVID,Test,True
583,697.0,1.5,MA_chunk_data/SVID/5cm/chunks/%toc/chunk_583.jpg,SVID,Test,True
584,698.0,1.5,MA_chunk_data/SVID/5cm/chunks/%toc/chunk_584.jpg,SVID,Test,True
585,699.0,1.55,MA_chunk_data/SVID/5cm/chunks/%toc/chunk_585.jpg,SVID,Test,True
586,700.0,1.6,MA_chunk_data/SVID/5cm/chunks/%toc/chunk_586.jpg,SVID,Test,True
587,701.0,1.6,MA_chunk_data/SVID/5cm/chunks/%toc/chunk_587.jpg,SVID,Test,True
588,702.0,1.6,MA_chunk_data/SVID/5cm/chunks/%toc/chunk_588.jpg,SVID,Test,True
589,703.0,1.5,MA_chunk_data/SVID/5cm/chunks/%toc/chunk_589.jpg,SVID,Test,True
590,704.0,1.4,MA_chunk_data/SVID/5cm/chunks/%toc/chunk_590.jpg,SVID,Test,True
591,705.0,1.4,MA_chunk_data/SVID/5cm/chunks/%toc/chunk_591.jpg,SVID,Test,True
592,706.0,1.4,MA_chunk_data/SVID/5cm/chunks/%toc/chunk_592.jpg,SVID,Test,True
593,707.0,1.2,MA_chunk_data/SVID/5cm/chunks/%toc/chunk_593.jpg,SVID,Test,True
594,712.0,1.6,MA_chunk_data/SVID/5cm/chunks/%toc/chunk_594.jpg,SVID,Train,True
595,713.0,1.6,MA_chunk_data/SVID/5cm/chunks/%toc/chunk_595.jpg,SVID,Train,True
596,714.0,1.6,MA_chunk_data/SVID/5cm/chunks/%toc/chunk_596.jpg,SVID,Train,True
597,715.0,1.7000000000000002,MA_chunk_data/SVID/5cm/chunks/%toc/chunk_597.jpg,SVID,Train,True
598,716.0,1.8,MA_chunk_data/SVID/5cm/chunks/%toc/chunk_598.jpg,SVID,Train,True
599,717.0,1.8,MA_chunk_data/SVID/5cm/chunks/%toc/chunk_599.jpg,SVID,Train,True
600,718.0,1.8,MA_chunk_data/SVID/5cm/chunks/%toc/chunk_600.jpg,SVID,Train,True
601,719.0,1.75,MA_chunk_data/SVID/5cm/chunks/%toc/chunk_601.jpg,SVID,Train,True
602,720.0,1.7,MA_chunk_data/SVID/5cm/chunks/%toc/chunk_602.jpg,SVID,Train,True
603,721.0,1.7,MA_chunk_data/SVID/5cm/chunks/%toc/chunk_603.jpg,SVID,Train,True
604,722.0,1.7,MA_chunk_data/SVID/5cm/chunks/%toc/chunk_604.jpg,SVID,Train,True
605,723.0,1.75,MA_chunk_data/SVID/5cm/chunks/%toc/chunk_605.jpg,SVID,Train,True
606,724.0,1.8,MA_chunk_data/SVID/5cm/chunks/%toc/chunk_606.jpg,SVID,Train,True
607,725.0,1.8,MA_chunk_data/SVID/5cm/chunks/%toc/chunk_607.jpg,SVID,Train,True
608,726.0,1.8,MA_chunk_data/SVID/5cm/chunks/%toc/chunk_608.jpg,SVID,Train,True
609,727.0,1.8,MA_chunk_data/SVID/5cm/chunks/%toc/chunk_609.jpg,SVID,Train,True
610,728.0,,MA_chunk_data/SVID/5cm/chunks/%toc/chunk_610.jpg,SVID,Train,False
611,729.0,,MA_chunk_data/SVID/5cm/chunks/%toc/chunk_611.jpg,SVID,Train,False
612,730.0,,MA_chunk_data/SVID/5cm/chunks/%toc/chunk_612.jpg,SVID,Train,False
613,731.0,1.8,MA_chunk_data/SVID/5cm/chunks/%toc/chunk_613.jpg,SVID,Train,True
614,732.0,1.8,MA_chunk_data/SVID/5cm/chunks/%toc/chunk_614.jpg,SVID,Train,True
615,733.0,1.8,MA_chunk_data/SVID/5cm/chunks/%toc/chunk_615.jpg,SVID,Train,True
616,734.0,1.8,MA_chunk_data/SVID/5cm/chunks/%toc/chunk_616.jpg,SVID,Train,True
617,735.0,1.6,MA_chunk_data/SVID/5cm/chunks/%toc/chunk_617.jpg,SVID,Train,True
618,736.0,1.4,MA_chunk_data/SVID/5cm/chunks/%toc/chunk_618.jpg,SVID,Train,True
619,737.0,1.4,MA_chunk_data/SVID/5cm/chunks/%toc/chunk_619.jpg,SVID,Train,True
620,738.0,1.4,MA_chunk_data/SVID/5cm/chunks/%toc/chunk_620.jpg,SVID,Train,True
621,739.0,1.5,MA_chunk_data/SVID/5cm/chunks/%toc/chunk_621.jpg,SVID,Train,True
622,740.0,1.6,MA_chunk_data/SVID/5cm/chunks/%toc/chunk_622.jpg,SVID,Train,True
623,741.0,1.6,MA_chunk_data/SVID/5cm/chunks/%toc/chunk_623.jpg,SVID,Train,True
624,742.0,1.6,MA_chunk_data/SVID/5cm/chunks/%toc/chunk_624.jpg,SVID,Train,True
625,743.0,1.6,MA_chunk_data/SVID/5cm/chunks/%toc/chunk_625.jpg,SVID,Train,True
626,744.0,1.6,MA_chunk_data/SVID/5cm/chunks/%toc/chunk_626.jpg,SVID,Train,True
627,745.0,1.6,MA_chunk_data/SVID/5cm/chunks/%toc/chunk_627.jpg,SVID,Train,True
628,746.0,1.6,MA_chunk_data/SVID/5cm/chunks/%toc/chunk_628.jpg,SVID,Train,True
629,747.0,1.6,MA_chunk_data/SVID/5cm/chunks/%toc/chunk_629.jpg,SVID,Train,True
630,748.0,,MA_chunk_data/SVID/5cm/chunks/%toc/chunk_630.jpg,SVID,Train,False
631,749.0,,MA_chunk_data/SVID/5cm/chunks/%toc/chunk_631.jpg,SVID,Train,False
632,750.0,,MA_chunk_data/SVID/5cm/chunks/%toc/chunk_632.jpg,SVID,Train,False
633,751.0,1.3,MA_chunk_data/SVID/5cm/chunks/%toc/chunk_633.jpg,SVID,Train,True
634,756.0,1.5,MA_chunk_data/SVID/5cm/chunks/%toc/chunk_634.jpg,SVID,Train,True
635,757.0,1.5,MA_chunk_data/SVID/5cm/chunks/%toc/chunk_635.jpg,SVID,Train,True
636,758.0,1.5,MA_chunk_data/SVID/5cm/chunks/%toc/chunk_636.jpg,SVID,Train,True
637,759.0,1.3,MA_chunk_data/SVID/5cm/chunks/%toc/chunk_637.jpg,SVID,Train,True
638,760.0,1.1,MA_chunk_data/SVID/5cm/chunks/%toc/chunk_638.jpg,SVID,Train,True
639,761.0,1.1,MA_chunk_data/SVID/5cm/chunks/%toc/chunk_639.jpg,SVID,Train,True
640,762.0,1.1,MA_chunk_data/SVID/5cm/chunks/%toc/chunk_640.jpg,SVID,Train,True
641,763.0,1.25,MA_chunk_data/SVID/5cm/chunks/%toc/chunk_641.jpg,SVID,Train,True
642,764.0,1.4,MA_chunk_data/SVID/5cm/chunks/%toc/chunk_642.jpg,SVID,Train,True
643,765.0,1.4,MA_chunk_data/SVID/5cm/chunks/%toc/chunk_643.jpg,SVID,Train,True
644,766.0,1.4,MA_chunk_data/SVID/5cm/chunks/%toc/chunk_644.jpg,SVID,Train,True
645,767.0,1.5,MA_chunk_data/SVID/5cm/chunks/%toc/chunk_645.jpg,SVID,Train,True
646,768.0,1.6,MA_chunk_data/SVID/5cm/chunks/%toc/chunk_646.jpg,SVID,Train,True
647,769.0,1.6,MA_chunk_data/SVID/5cm/chunks/%toc/chunk_647.jpg,SVID,Train,True
648,770.0,1.6,MA_chunk_data/SVID/5cm/chunks/%toc/chunk_648.jpg,SVID,Train,True
649,771.0,1.5,MA_chunk_data/SVID/5cm/chunks/%toc/chunk_649.jpg,SVID,Train,True
650,772.0,1.4,MA_chunk_data/SVID/5cm/chunks/%toc/chunk_650.jpg,SVID,Train,True
651,773.0,1.4,MA_chunk_data/SVID/5cm/chunks/%toc/chunk_651.jpg,SVID,Train,True
652,774.0,1.4,MA_chunk_data/SVID/5cm/chunks/%toc/chunk_652.jpg,SVID,Train,True
653,775.0,1.2999999999999998,MA_chunk_data/SVID/5cm/chunks/%toc/chunk_653.jpg,SVID,Train,True
654,776.0,1.2,MA_chunk_data/SVID/5cm/chunks/%toc/chunk_654.jpg,SVID,Train,True
655,777.0,1.2,MA_chunk_data/SVID/5cm/chunks/%toc/chunk_655.jpg,SVID,Train,True
656,778.0,1.2,MA_chunk_data/SVID/5cm/chunks/%toc/chunk_656.jpg,SVID,Train,True
657,779.0,1.25,MA_chunk_data/SVID/5cm/chunks/%toc/chunk_657.jpg,SVID,Train,True
658,780.0,1.3,MA_chunk_data/SVID/5cm/chunks/%toc/chunk_658.jpg,SVID,Train,True
659,781.0,1.3,MA_chunk_data/SVID/5cm/chunks/%toc/chunk_659.jpg,SVID,Train,True
660,782.0,1.3,MA_chunk_data/SVID/5cm/chunks/%toc/chunk_660.jpg,SVID,Train,True
661,783.0,1.2000000000000002,MA_chunk_data/SVID/5cm/chunks/%toc/chunk_661.jpg,SVID,Train,True
662,784.0,1.1,MA_chunk_data/SVID/5cm/chunks/%toc/chunk_662.jpg,SVID,Train,True
663,785.0,1.1,MA_chunk_data/SVID/5cm/chunks/%toc/chunk_663.jpg,SVID,Train,True
664,786.0,1.1,MA_chunk_data/SVID/5cm/chunks/%toc/chunk_664.jpg,SVID,Train,True
665,787.0,1.0,MA_chunk_data/SVID/5cm/chunks/%toc/chunk_665.jpg,SVID,Train,True
666,792.0,1.2,MA_chunk_data/SVID/5cm/chunks/%toc/chunk_666.jpg,SVID,Test,True
667,793.0,1.2,MA_chunk_data/SVID/5cm/chunks/%toc/chunk_667.jpg,SVID,Test,True
668,794.0,1.2,MA_chunk_data/SVID/5cm/chunks/%toc/chunk_668.jpg,SVID,Test,True
669,795.0,1.05,MA_chunk_data/SVID/5cm/chunks/%toc/chunk_669.jpg,SVID,Test,True
670,796.0,0.9,MA_chunk_data/SVID/5cm/chunks/%toc/chunk_670.jpg,SVID,Test,True
671,797.0,0.9,MA_chunk_data/SVID/5cm/chunks/%toc/chunk_671.jpg,SVID,Test,True
672,802.0,0.8,MA_chunk_data/SVID/5cm/chunks/%toc/chunk_672.jpg,SVID,Train,True
673,803.0,0.75,MA_chunk_data/SVID/5cm/chunks/%toc/chunk_673.jpg,SVID,Train,True
674,804.0,0.7,MA_chunk_data/SVID/5cm/chunks/%toc/chunk_674.jpg,SVID,Train,True
675,805.0,0.7,MA_chunk_data/SVID/5cm/chunks/%toc/chunk_675.jpg,SVID,Train,True
676,806.0,0.7,MA_chunk_data/SVID/5cm/chunks/%toc/chunk_676.jpg,SVID,Train,True
677,807.0,0.75,MA_chunk_data/SVID/5cm/chunks/%toc/chunk_677.jpg,SVID,Train,True
678,808.0,0.8,MA_chunk_data/SVID/5cm/chunks/%toc/chunk_678.jpg,SVID,Train,True
679,809.0,0.8,MA_chunk_data/SVID/5cm/chunks/%toc/chunk_679.jpg,SVID,Train,True
680,810.0,0.8,MA_chunk_data/SVID/5cm/chunks/%toc/chunk_680.jpg,SVID,Train,True
681,811.0,0.6000000000000001,MA_chunk_data/SVID/5cm/chunks/%toc/chunk_681.jpg,SVID,Train,True
682,812.0,0.4,MA_chunk_data/SVID/5cm/chunks/%toc/chunk_682.jpg,SVID,Train,True
683,813.0,0.4,MA_chunk_data/SVID/5cm/chunks/%toc/chunk_683.jpg,SVID,Train,True
684,814.0,0.4,MA_chunk_data/SVID/5cm/chunks/%toc/chunk_684.jpg,SVID,Train,True
685,815.0,0.4,MA_chunk_data/SVID/5cm/chunks/%toc/chunk_685.jpg,SVID,Train,True
686,816.0,,MA_chunk_data/SVID/5cm/chunks/%toc/chunk_686.jpg,SVID,Train,False
687,817.0,,MA_chunk_data/SVID/5cm/chunks/%toc/chunk_687.jpg,SVID,Train,False
688,818.0,,MA_chunk_data/SVID/5cm/chunks/%toc/chunk_688.jpg,SVID,Train,False
689,819.0,0.2,MA_chunk_data/SVID/5cm/chunks/%toc/chunk_689.jpg,SVID,Train,True
690,820.0,0.2,MA_chunk_data/SVID/5cm/chunks/%toc/chunk_690.jpg,SVID,Train,True
691,821.0,0.15000000000000002,MA_chunk_data/SVID/5cm/chunks/%toc/chunk_691.jpg,SVID,Train,True
692,822.0,0.15000000000000002,MA_chunk_data/SVID/5cm/chunks/%toc/chunk_692.jpg,SVID,Train,True
693,823.0,0.15000000000000002,MA_chunk_data/SVID/5cm/chunks/%toc/chunk_693.jpg,SVID,Train,True
694,824.0,0.1,MA_chunk_data/SVID/5cm/chunks/%toc/chunk_694.jpg,SVID,Train,True
695,825.0,0.1,MA_chunk_data/SVID/5cm/chunks/%toc/chunk_695.jpg,SVID,Train,True
696,826.0,,MA_chunk_data/SVID/5cm/chunks/%toc/chunk_696.jpg,SVID,Train,False
697,827.0,,MA_chunk_data/SVID/5cm/chunks/%toc/chunk_697.jpg,SVID,Train,False
698,828.0,,MA_chunk_data/SVID/5cm/chunks/%toc/chunk_698.jpg,SVID,Train,False
699,829.0,,MA_chunk_data/SVID/5cm/chunks/%toc/chunk_699.jpg,SVID,Train,False
700,830.0,,MA_chunk_data/SVID/5cm/chunks/%toc/chunk_700.jpg,SVID,Train,False
701,831.0,,MA_chunk_data/SVID/5cm/chunks/%toc/chunk_701.jpg,SVID,Train,False
702,832.0,,MA_chunk_data/SVID/5cm/chunks/%toc/chunk_702.jpg,SVID,Train,False
703,833.0,,MA_chunk_data/SVID/5cm/chunks/%toc/chunk_703.jpg,SVID,Train,False
704,834.0,,MA_chunk_data/SVID/5cm/chunks/%toc/chunk_704.jpg,SVID,Train,False
705,835.0,,MA_chunk_data/SVID/5cm/chunks/%toc/chunk_705.jpg,SVID,Train,False
706,836.0,,MA_chunk_data/SVID/5cm/chunks/%toc/chunk_706.jpg,SVID,Train,False
707,837.0,,MA_chunk_data/SVID/5cm/chunks/%toc/chunk_707.jpg,SVID,Train,False
708,838.0,,MA_chunk_data/SVID/5cm/chunks/%toc/chunk_708.jpg,SVID,Train,False
709,839.0,,MA_chunk_data/SVID/5cm/chunks/%toc/chunk_709.jpg,SVID,Train,False
710,840.0,,MA_chunk_data/SVID/5cm/chunks/%toc/chunk_710.jpg,SVID,Train,False
711,841.0,,MA_chunk_data/SVID/5cm/chunks/%toc/chunk_711.jpg,SVID,Train,False
712,842.0,,MA_chunk_data/SVID/5cm/chunks/%toc/chunk_712.jpg,SVID,Train,False
713,843.0,,MA_chunk_data/SVID/5cm/chunks/%toc/chunk_713.jpg,SVID,Train,False
714,844.0,,MA_chunk_data/SVID/5cm/chunks/%toc/chunk_714.jpg,SVID,Train,False
715,845.0,,MA_chunk_data/SVID/5cm/chunks/%toc/chunk_715.jpg,SVID,Train,False
716,846.0,,MA_chunk_data/SVID/5cm/chunks/%toc/chunk_716.jpg,SVID,Train,False
717,847.0,,MA_chunk_data/SVID/5cm/chunks/%toc/chunk_717.jpg,SVID,Train,False
718,848.0,,MA_chunk_data/SVID/5cm/chunks/%toc/chunk_718.jpg,SVID,Train,False
719,849.0,,MA_chunk_data/SVID/5cm/chunks/%toc/chunk_719.jpg,SVID,Train,False
720,850.0,,MA_chunk_data/SVID/5cm/chunks/%toc/chunk_720.jpg,SVID,Train,False
721,851.0,,MA_chunk_data/SVID/5cm/chunks/%toc/chunk_721.jpg,SVID,Train,False
722,852.0,,MA_chunk_data/SVID/5cm/chunks/%toc/chunk_722.jpg,SVID,Train,False
723,853.0,,MA_chunk_data/SVID/5cm/chunks/%toc/chunk_723.jpg,SVID,Train,False
724,854.0,,MA_chunk_data/SVID/5cm/chunks/%toc/chunk_724.jpg,SVID,Train,False
725,855.0,,MA_chunk_data/SVID/5cm/chunks/%toc/chunk_725.jpg,SVID,Train,False
726,856.0,,MA_chunk_data/SVID/5cm/chunks/%toc/chunk_726.jpg,SVID,Train,False
727,857.0,,MA_chunk_data/SVID/5cm/chunks/%toc/chunk_727.jpg,SVID,Train,False
728,860.0,,MA_chunk_data/SVID/5cm/chunks/%toc/chunk_728.jpg,SVID,Test,False
729,861.0,,MA_chunk_data/SVID/5cm/chunks/%toc/chunk_729.jpg,SVID,Test,False
730,862.0,0.9,MA_chunk_data/SVID/5cm/chunks/%toc/chunk_730.jpg,SVID,Test,True
731,863.0,0.8500000000000001,MA_chunk_data/SVID/5cm/chunks/%toc/chunk_731.jpg,SVID,Test,True
732,864.0,0.8333333333333334,MA_chunk_data/SVID/5cm/chunks/%toc/chunk_732.jpg,SVID,Test,True
733,865.0,0.8,MA_chunk_data/SVID/5cm/chunks/%toc/chunk_733.jpg,SVID,Test,True
734,866.0,0.7,MA_chunk_data/SVID/5cm/chunks/%toc/chunk_734.jpg,SVID,Test,True
735,867.0,0.6199999999999999,MA_chunk_data/SVID/5cm/chunks/%toc/chunk_735.jpg,SVID,Test,True
736,872.0,0.5399999999999999,MA_chunk_data/SVID/5cm/chunks/%toc/chunk_736.jpg,SVID,Train,True
737,873.0,0.52,MA_chunk_data/SVID/5cm/chunks/%toc/chunk_737.jpg,SVID,Train,True
738,874.0,0.5,MA_chunk_data/SVID/5cm/chunks/%toc/chunk_738.jpg,SVID,Train,True
739,875.0,0.5,MA_chunk_data/SVID/5cm/chunks/%toc/chunk_739.jpg,SVID,Train,True
740,876.0,0.5,MA_chunk_data/SVID/5cm/chunks/%toc/chunk_740.jpg,SVID,Train,True
741,877.0,0.5800000000000001,MA_chunk_data/SVID/5cm/chunks/%toc/chunk_741.jpg,SVID,Train,True
742,882.0,0.36,MA_chunk_data/SVID/5cm/chunks/%toc/chunk_742.jpg,SVID,Test,True
743,883.0,0.26000000000000006,MA_chunk_data/SVID/5cm/chunks/%toc/chunk_743.jpg,SVID,Test,True
744,884.0,0.18,MA_chunk_data/SVID/5cm/chunks/%toc/chunk_744.jpg,SVID,Test,True
745,885.0,0.12,MA_chunk_data/SVID/5cm/chunks/%toc/chunk_745.jpg,SVID,Test,True
746,886.0,0.08,MA_chunk_data/SVID/5cm/chunks/%toc/chunk_746.jpg,SVID,Test,True
747,887.0,0.08,MA_chunk_data/SVID/5cm/chunks/%toc/chunk_747.jpg,SVID,Test,True
748,892.0,0.08,MA_chunk_data/SVID/5cm/chunks/%toc/chunk_748.jpg,SVID,Train,True
749,893.0,0.06000000000000001,MA_chunk_data/SVID/5cm/chunks/%toc/chunk_749.jpg,SVID,Train,True
750,894.0,0.04,MA_chunk_data/SVID/5cm/chunks/%toc/chunk_750.jpg,SVID,Train,True
751,895.0,0.04,MA_chunk_data/SVID/5cm/chunks/%toc/chunk_751.jpg,SVID,Train,True
752,896.0,0.02,MA_chunk_data/SVID/5cm/chunks/%toc/chunk_752.jpg,SVID,Train,True
753,897.0,0.04,MA_chunk_data/SVID/5cm/chunks/%toc/chunk_753.jpg,SVID,Train,True
754,902.0,0.06666666666666667,MA_chunk_data/SVID/5cm/chunks/%toc/chunk_754.jpg,SVID,Test,True
755,903.0,0.1,MA_chunk_data/SVID/5cm/chunks/%toc/chunk_755.jpg,SVID,Test,True
756,904.0,0.2,MA_chunk_data/SVID/5cm/chunks/%toc/chunk_756.jpg,SVID,Test,True
757,905.0,,MA_chunk_data/SVID/5cm/chunks/%toc/chunk_757.jpg,SVID,Test,False
758,906.0,,MA_chunk_data/SVID/5cm/chunks/%toc/chunk_758.jpg,SVID,Test,False
759,907.0,,MA_chunk_data/SVID/5cm/chunks/%toc/chunk_759.jpg,SVID,Test,False
760,912.0,,MA_chunk_data/SVID/5cm/chunks/%toc/chunk_760.jpg,SVID,Train,False
761,913.0,,MA_chunk_data/SVID/5cm/chunks/%toc/chunk_761.jpg,SVID,Train,False
762,914.0,,MA_chunk_data/SVID/5cm/chunks/%toc/chunk_762.jpg,SVID,Train,False
763,915.0,,MA_chunk_data/SVID/5cm/chunks/%toc/chunk_763.jpg,SVID,Train,False
764,916.0,,MA_chunk_data/SVID/5cm/chunks/%toc/chunk_764.jpg,SVID,Train,False
765,917.0,,MA_chunk_data/SVID/5cm/chunks/%toc/chunk_765.jpg,SVID,Train,False
766,922.0,,MA_chunk_data/SVID/5cm/chunks/%toc/chunk_766.jpg,SVID,Test,False
767,923.0,,MA_chunk_data/SVID/5cm/chunks/%toc/chunk_767.jpg,SVID,Test,False
768,924.0,,MA_chunk_data/SVID/5cm/chunks/%toc/chunk_768.jpg,SVID,Test,False
769,925.0,,MA_chunk_data/SVID/5cm/chunks/%toc/chunk_769.jpg,SVID,Test,False
770,926.0,,MA_chunk_data/SVID/5cm/chunks/%toc/chunk_770.jpg,SVID,Test,False
771,927.0,,MA_chunk_data/SVID/5cm/chunks/%toc/chunk_771.jpg,SVID,Test,False
